id,first_name,last_name,email,gender,ip_address
1,Merrill,Matley,mmatley0@redcross.org,Female,152.108.61.87
2,Karoly,Topley,ktopley1@wix.com,Male,137.54.134.113
3,Stanleigh,Soaper,ssoaper2@buzzfeed.com,Male,205.76.178.28
4,Ware,Bougourd,wbougourd3@webs.com,Male,205.226.156.120
5,Pearla,Baldack,pbaldack4@cnn.com,Female,183.53.213.12
6,Beverley,Pococke,bpococke5@wp.com,Female,248.172.190.103
7,Archer,Flipek,aflipek6@sbwire.com,Male,182.4.3.137
8,Hasheem,Bexon,hbexon7@bigcartel.com,Male,251.91.241.70
9,Trisha,Francombe,tfrancombe8@wufoo.com,Female,156.96.7.53
10,Dierdre,Symmers,dsymmers9@independent.co.uk,Female,200.225.31.167
11,Daloris,Fawcitt,dfawcitta@ucoz.com,Female,99.91.163.145
12,Anitra,Leopold,aleopoldb@addthis.com,Female,48.1.168.85
13,Kelsy,Aubury,kauburyc@live.com,Female,230.248.135.105
14,Ari,Mathers,amathersd@wunderground.com,Male,52.172.114.74
15,Krishna,Syversen,ksyversene@independent.co.uk,Male,245.33.157.181
16,Gill,Bowick,gbowickf@google.com.au,Female,88.240.84.147
17,Iolanthe,Yegorkin,iyegorking@sina.com.cn,Female,232.179.236.81
18,Beatrice,Wilcockes,bwilcockesh@wisc.edu,Female,3.205.139.156
19,Leontine,McDowell,lmcdowelli@cbc.ca,Female,152.193.140.177
20,Madelene,Maren,mmarenj@mapquest.com,Female,171.61.12.52
